bot,q,trials,success_rate,ci_low,ci_high,clairvoyant_rate,success_given_winnable,mean_ms_per_trial,fail_entered_fire,fail_caught,fail_button_burned,fail_trapped,fail_timeout,avoidable_entered_fire,avoidable_caught,avoidable_button_burned,avoidable_trapped,avoidable_timeout
bot2,0.0,1000,1.0000,0.9962,1.0000,1.0000,1.0000,7.88,0,0,0,0,0,0,0,0,0,0
bot2,0.05,1000,0.9870,0.9779,0.9924,0.9910,0.9960,7.56,0,4,7,2,0,0,4,0,0,0
bot2,0.1,3000,0.9807,0.9751,0.9850,0.9850,0.9956,6.71,0,8,30,20,0,0,7,3,3,0
bot2,0.125,3000,0.9613,0.9538,0.9677,0.9703,0.9907,6.80,0,21,58,37,0,0,17,6,4,0
bot2,0.15,3000,0.9620,0.9545,0.9683,0.9693,0.9924,6.68,0,21,60,33,0,0,16,2,4,0
bot2,0.175,3000,0.9457,0.9370,0.9532,0.9573,0.9878,6.72,0,26,68,69,0,0,24,4,7,0
bot2,0.2,3000,0.9307,0.9210,0.9392,0.9483,0.9814,6.48,0,41,93,74,0,0,36,7,10,0
bot2,0.225,3000,0.9187,0.9083,0.9279,0.9383,0.9790,6.50,0,41,100,103,0,0,34,12,13,0
bot2,0.25,3000,0.9037,0.8926,0.9137,0.9233,0.9787,6.60,0,47,113,129,0,0,31,11,17,0
bot2,0.275,3000,0.8853,0.8734,0.8962,0.9087,0.9743,6.36,0,50,153,141,0,0,33,15,22,0
bot2,0.3,3000,0.8663,0.8537,0.8780,0.8863,0.9774,6.50,0,42,178,181,0,0,27,11,22,0
bot2,0.325,3000,0.8387,0.8251,0.8514,0.8700,0.9640,6.51,0,69,206,209,0,0,44,20,30,0
bot2,0.35,3000,0.8240,0.8100,0.8372,0.8550,0.9637,6.28,0,76,217,235,0,0,47,13,33,0
bot2,0.375,3000,0.8010,0.7863,0.8149,0.8337,0.9608,6.58,0,91,247,259,0,0,52,19,27,0
bot2,0.4,3000,0.7930,0.7781,0.8071,0.8180,0.9694,6.45,0,98,246,277,0,0,42,9,24,0
bot2,0.425,3000,0.7780,0.7628,0.7925,0.8007,0.9717,6.32,0,82,278,306,0,0,29,17,22,0
bot2,0.45,3000,0.7680,0.7526,0.7828,0.7963,0.9644,6.45,0,86,303,307,0,0,39,17,29,0
bot2,0.475,3000,0.7447,0.7288,0.7600,0.7713,0.9654,6.21,0,105,326,335,0,0,42,15,23,0
bot2,0.5,3000,0.7480,0.7322,0.7632,0.7693,0.9723,6.04,0,112,328,316,0,0,39,5,20,0
bot2,0.525,3000,0.7130,0.6965,0.7289,0.7383,0.9657,6.18,0,109,351,401,0,0,37,8,31,0
bot2,0.55,3000,0.7080,0.6915,0.7240,0.7337,0.9650,6.43,0,109,335,432,0,0,37,5,35,0
bot2,0.575,3000,0.6877,0.6709,0.7040,0.7090,0.9699,6.12,0,133,396,408,0,0,35,10,19,0
bot2,0.6,3000,0.6757,0.6587,0.6922,0.6943,0.9731,5.97,0,142,367,464,0,0,28,9,19,0
bot2,0.625,3000,0.6700,0.6530,0.6866,0.6877,0.9743,5.92,0,135,415,440,0,0,31,7,15,0
bot2,0.65,3000,0.6493,0.6321,0.6662,0.6630,0.9794,5.78,0,150,422,480,0,0,24,7,10,0
bot2,0.675,3000,0.6447,0.6274,0.6616,0.6630,0.9723,5.70,0,161,407,498,0,0,31,3,21,0
bot2,0.7,3000,0.6120,0.5944,0.6293,0.6207,0.9860,5.69,0,177,413,574,0,0,15,2,9,0
bot2,0.75,1000,0.5960,0.5653,0.6260,0.6040,0.9868,6.70,0,60,156,188,0,0,4,2,2,0
bot2,0.8,1000,0.5630,0.5321,0.5934,0.5660,0.9947,5.62,0,55,157,225,0,0,1,0,2,0
bot2,0.85,1000,0.5560,0.5250,0.5865,0.5580,0.9964,5.32,0,74,168,202,0,0,0,0,2,0
bot2,0.9,1000,0.5080,0.4770,0.5389,0.5100,0.9961,5.70,0,81,171,240,0,0,1,0,1,0
bot2,0.95,1000,0.5070,0.4760,0.5379,0.5080,0.9980,5.15,0,80,188,225,0,0,0,1,0,0
bot2,1.0,1000,0.5170,0.4860,0.5478,0.5170,1.0000,4.74,0,64,182,237,0,0,0,0,0,0
bot3,0.0,1000,1.0000,0.9962,1.0000,1.0000,1.0000,9.36,0,0,0,0,0,0,0,0,0,0
bot3,0.05,1000,0.9910,0.9830,0.9953,0.9910,1.0000,8.97,0,0,7,2,0,0,0,0,0,0
bot3,0.1,3000,0.9817,0.9762,0.9859,0.9850,0.9966,7.98,0,0,33,22,0,0,0,5,5,0
bot3,0.125,3000,0.9670,0.9600,0.9728,0.9703,0.9966,8.13,0,3,60,36,0,0,1,6,3,0
bot3,0.15,3000,0.9657,0.9585,0.9716,0.9693,0.9962,8.00,0,5,61,37,0,0,2,3,6,0
bot3,0.175,3000,0.9490,0.9405,0.9563,0.9573,0.9913,8.01,0,4,74,75,0,0,2,10,13,0
bot3,0.2,3000,0.9337,0.9242,0.9420,0.9483,0.9845,7.85,0,8,105,86,0,0,7,18,19,0
bot3,0.225,3000,0.9240,0.9140,0.9330,0.9383,0.9847,7.81,0,6,111,111,0,0,4,19,20,0
bot3,0.25,3000,0.9083,0.8975,0.9181,0.9233,0.9838,7.96,0,9,125,141,0,0,6,16,23,0
bot3,0.275,3000,0.8887,0.8769,0.8994,0.9087,0.9780,7.68,0,10,165,159,0,0,7,19,34,0
bot3,0.3,3000,0.8703,0.8578,0.8819,0.8863,0.9819,7.93,0,10,188,191,0,0,4,16,28,0
bot3,0.325,3000,0.8450,0.8316,0.8575,0.8700,0.9713,7.91,0,13,230,222,0,0,8,34,33,0
bot3,0.35,3000,0.8283,0.8144,0.8414,0.8550,0.9688,7.70,0,24,232,259,0,0,13,22,45,0
bot3,0.375,3000,0.8067,0.7921,0.8204,0.8337,0.9676,7.96,0,26,266,288,0,0,9,24,48,0
bot3,0.4,3000,0.7987,0.7839,0.8126,0.8180,0.9764,7.88,0,26,279,299,0,0,8,17,33,0
bot3,0.425,3000,0.7807,0.7655,0.7951,0.8007,0.9750,7.79,0,17,301,340,0,0,4,20,36,0
bot3,0.45,3000,0.7740,0.7587,0.7886,0.7963,0.9720,7.86,0,14,331,333,0,0,4,23,40,0
bot3,0.475,3000,0.7493,0.7335,0.7645,0.7713,0.9715,7.53,0,36,348,368,0,0,8,23,35,0
bot3,0.5,3000,0.7533,0.7376,0.7684,0.7693,0.9792,7.39,0,34,353,353,0,0,9,8,31,0
bot3,0.525,3000,0.7143,0.6979,0.7302,0.7383,0.9675,7.56,0,45,386,426,0,0,13,21,38,0
bot3,0.55,3000,0.7107,0.6942,0.7266,0.7337,0.9687,7.81,0,27,367,474,0,0,12,17,40,0
bot3,0.575,3000,0.6887,0.6719,0.7050,0.7090,0.9713,7.41,0,48,429,457,0,0,18,15,28,0
bot3,0.6,3000,0.6763,0.6594,0.6928,0.6943,0.9741,7.30,0,48,412,511,0,0,8,17,29,0
bot3,0.625,3000,0.6703,0.6533,0.6869,0.6877,0.9748,7.27,0,57,447,485,0,0,8,14,30,0
bot3,0.65,3000,0.6490,0.6317,0.6659,0.6630,0.9789,6.99,0,57,459,537,0,0,9,14,19,0
bot3,0.675,3000,0.6440,0.6267,0.6609,0.6630,0.9713,6.97,0,71,454,543,0,0,19,11,27,0
bot3,0.7,3000,0.6113,0.5938,0.6286,0.6207,0.9850,6.95,0,81,460,625,0,0,5,7,16,0
bot3,0.75,1000,0.5980,0.5673,0.6280,0.6040,0.9901,8.09,0,29,177,196,0,0,2,0,4,0
bot3,0.8,1000,0.5620,0.5311,0.5925,0.5660,0.9929,6.83,0,28,165,245,0,0,0,0,4,0
bot3,0.85,1000,0.5560,0.5250,0.5865,0.5580,0.9964,6.46,0,36,180,228,0,0,0,1,1,0
bot3,0.9,1000,0.5080,0.4770,0.5389,0.5100,0.9961,6.99,0,39,187,266,0,0,0,0,2,0
bot3,0.95,1000,0.5070,0.4760,0.5379,0.5080,0.9980,6.26,0,44,197,252,0,0,1,0,0,0
bot3,1.0,1000,0.5170,0.4860,0.5478,0.5170,1.0000,5.75,0,35,200,248,0,0,0,0,0,0
bot4_forecast,0.0,1000,1.0000,0.9962,1.0000,1.0000,1.0000,16.30,0,0,0,0,0,0,0,0,0,0
bot4_forecast,0.05,1000,0.9910,0.9830,0.9953,0.9910,1.0000,32.64,0,0,7,2,0,0,0,0,0,0
bot4_forecast,0.1,3000,0.9847,0.9796,0.9885,0.9850,0.9997,50.26,0,1,28,17,0,0,0,1,0,0
bot4_forecast,0.125,3000,0.9697,0.9629,0.9752,0.9703,0.9993,64.54,0,3,55,33,0,0,1,1,0,0
bot4_forecast,0.15,3000,0.9690,0.9622,0.9746,0.9693,0.9997,73.90,0,6,58,29,0,0,1,0,0,0
bot4_forecast,0.175,3000,0.9563,0.9484,0.9631,0.9573,0.9990,80.37,0,7,63,61,0,0,3,0,0,0
bot4_forecast,0.2,3000,0.9437,0.9348,0.9514,0.9483,0.9951,103.55,0,13,89,67,0,0,8,2,4,0
bot4_forecast,0.225,3000,0.9380,0.9288,0.9461,0.9383,0.9996,95.35,0,8,89,89,0,0,1,0,0,0
bot4_forecast,0.25,3000,0.9200,0.9097,0.9292,0.9233,0.9964,124.93,0,16,110,114,0,0,5,4,1,0
bot4_forecast,0.275,3000,0.9057,0.8947,0.9156,0.9087,0.9967,125.95,0,18,145,120,0,0,4,3,2,0
bot4_forecast,0.3,3000,0.8847,0.8727,0.8956,0.8863,0.9981,140.63,0,17,172,157,0,0,2,0,3,0
bot4_forecast,0.325,3000,0.8660,0.8533,0.8777,0.8700,0.9954,146.05,0,26,193,183,0,0,5,3,4,0
bot4_forecast,0.35,3000,0.8503,0.8371,0.8627,0.8550,0.9945,151.69,0,29,212,208,0,0,7,2,5,0
bot4_forecast,0.375,3000,0.8303,0.8165,0.8433,0.8337,0.9960,165.91,0,34,243,232,0,0,3,3,4,0
bot4_forecast,0.4,3000,0.8147,0.8004,0.8282,0.8180,0.9959,168.04,0,48,248,260,0,0,4,2,4,0
bot4_forecast,0.425,3000,0.7970,0.7822,0.8110,0.8007,0.9954,159.04,0,39,277,293,0,0,3,5,3,0
bot4_forecast,0.45,3000,0.7923,0.7774,0.8065,0.7963,0.9950,165.75,0,47,297,279,0,0,8,0,4,0
bot4_forecast,0.475,3000,0.7687,0.7532,0.7834,0.7713,0.9965,171.99,0,59,320,315,0,0,5,1,2,0
bot4_forecast,0.5,3000,0.7663,0.7509,0.7811,0.7693,0.9961,161.61,0,65,335,301,0,0,7,0,2,0
bot4_forecast,0.525,3000,0.7337,0.7176,0.7492,0.7383,0.9937,174.89,0,70,359,370,0,0,10,1,3,0
bot4_forecast,0.55,3000,0.7300,0.7138,0.7456,0.7337,0.9950,174.32,0,70,344,396,0,0,6,1,4,0
bot4_forecast,0.575,3000,0.7050,0.6884,0.7210,0.7090,0.9944,175.26,0,92,404,389,0,0,7,4,1,0
bot4_forecast,0.6,3000,0.6897,0.6729,0.7060,0.6943,0.9933,172.02,0,99,377,455,0,0,7,2,5,0
bot4_forecast,0.625,3000,0.6850,0.6681,0.7014,0.6877,0.9961,156.83,0,98,423,424,0,0,6,0,2,0
bot4_forecast,0.65,3000,0.6603,0.6432,0.6771,0.6630,0.9960,166.61,0,110,441,468,0,0,5,2,1,0
bot4_forecast,0.675,3000,0.6613,0.6442,0.6781,0.6630,0.9975,158.30,0,105,431,480,0,0,2,1,2,0
bot4_forecast,0.7,3000,0.6200,0.6025,0.6372,0.6207,0.9989,175.57,0,136,443,561,0,0,1,1,0,0
bot4_forecast,0.75,1000,0.6040,0.5733,0.6339,0.6040,1.0000,173.41,0,50,169,177,0,0,0,0,0,0
bot4_forecast,0.8,1000,0.5650,0.5341,0.5954,0.5660,0.9982,182.09,0,47,168,220,0,0,0,1,0,0
bot4_forecast,0.85,1000,0.5580,0.5271,0.5885,0.5580,1.0000,161.67,0,62,184,196,0,0,0,0,0,0
bot4_forecast,0.9,1000,0.5090,0.4780,0.5399,0.5100,0.9980,194.04,0,58,192,241,0,0,1,0,0,0
bot4_forecast,0.95,1000,0.5080,0.4770,0.5389,0.5080,1.0000,176.83,0,54,201,237,0,0,0,0,0,0
bot4_forecast,1.0,1000,0.5170,0.4860,0.5478,0.5170,1.0000,167.90,0,31,220,232,0,0,0,0,0,0
bot4,0.0,1000,1.0000,0.9962,1.0000,1.0000,1.0000,83.79,0,0,0,0,0,0,0,0,0,0
bot4,0.05,1000,0.9880,0.9791,0.9931,0.9910,0.9970,78.54,0,3,7,2,0,0,3,0,0,0
bot4,0.1,3000,0.9813,0.9758,0.9856,0.9850,0.9963,68.72,0,8,30,18,0,0,7,3,1,0
bot4,0.125,3000,0.9650,0.9578,0.9710,0.9703,0.9945,68.54,0,13,57,35,0,0,11,3,2,0
bot4,0.15,3000,0.9640,0.9567,0.9701,0.9693,0.9945,67.77,0,20,57,31,0,0,14,0,2,0
bot4,0.175,3000,0.9503,0.9420,0.9575,0.9573,0.9927,68.30,0,14,68,67,0,0,10,4,7,0
bot4,0.2,3000,0.9330,0.9235,0.9414,0.9483,0.9838,66.34,0,40,92,69,0,0,36,5,5,0
bot4,0.225,3000,0.9297,0.9200,0.9383,0.9383,0.9908,66.27,0,25,95,91,0,0,19,5,2,0
bot4,0.25,3000,0.9100,0.8992,0.9197,0.9233,0.9856,68.14,0,34,115,121,0,0,20,9,11,0
bot4,0.275,3000,0.8977,0.8863,0.9080,0.9087,0.9879,65.92,0,32,148,127,0,0,16,8,9,0
bot4,0.3,3000,0.8743,0.8620,0.8857,0.8863,0.9865,66.79,0,37,178,162,0,0,20,7,9,0
bot4,0.325,3000,0.8533,0.8402,0.8655,0.8700,0.9808,66.71,0,43,202,195,0,0,27,10,13,0
bot4,0.35,3000,0.8380,0.8244,0.8508,0.8550,0.9801,65.82,0,48,219,219,0,0,29,8,14,0
bot4,0.375,3000,0.8180,0.8038,0.8314,0.8337,0.9812,69.24,0,49,253,244,0,0,19,14,14,0
bot4,0.4,3000,0.8090,0.7945,0.8227,0.8180,0.9890,67.71,0,39,265,269,0,0,13,4,10,0
bot4,0.425,3000,0.7900,0.7751,0.8042,0.8007,0.9867,67.24,0,53,286,291,0,0,20,5,7,0
bot4,0.45,3000,0.7860,0.7710,0.8003,0.7963,0.9870,68.16,0,47,314,281,0,0,23,3,5,0
bot4,0.475,3000,0.7573,0.7417,0.7723,0.7713,0.9818,66.33,0,55,343,330,0,0,18,12,12,0
bot4,0.5,3000,0.7583,0.7427,0.7733,0.7693,0.9857,64.99,0,51,355,319,0,0,21,1,11,0
bot4,0.525,3000,0.7240,0.7077,0.7397,0.7383,0.9806,67.14,0,57,382,389,0,0,19,10,14,0
bot4,0.55,3000,0.7210,0.7047,0.7368,0.7337,0.9827,69.28,0,66,363,408,0,0,18,8,12,0
bot4,0.575,3000,0.6993,0.6827,0.7155,0.7090,0.9864,66.43,0,66,435,401,0,0,13,10,6,0
bot4,0.6,3000,0.6843,0.6675,0.7007,0.6943,0.9856,66.71,0,61,426,460,0,0,7,13,10,0
bot4,0.625,3000,0.6760,0.6590,0.6925,0.6877,0.9830,64.95,0,50,472,450,0,0,8,16,11,0
bot4,0.65,3000,0.6530,0.6358,0.6698,0.6630,0.9849,63.85,0,54,483,504,0,0,9,12,9,0
bot4,0.675,3000,0.6503,0.6331,0.6672,0.6630,0.9809,64.05,0,50,479,520,0,0,7,11,20,0
bot4,0.7,3000,0.6150,0.5975,0.6323,0.6207,0.9909,62.88,0,55,498,602,0,0,5,7,5,0
bot4,0.75,1000,0.6010,0.5703,0.6309,0.6040,0.9950,75.87,0,22,188,189,0,0,0,1,2,0
bot4,0.8,1000,0.5630,0.5321,0.5934,0.5660,0.9947,62.06,0,22,180,235,0,0,0,1,2,0
bot4,0.85,1000,0.5520,0.5210,0.5826,0.5580,0.9892,61.29,0,25,204,219,0,0,2,1,3,0
bot4,0.9,1000,0.5060,0.4750,0.5369,0.5100,0.9922,64.95,0,21,205,268,0,0,1,1,2,0
bot4,0.95,1000,0.5060,0.4750,0.5369,0.5080,0.9961,60.59,0,26,217,251,0,0,0,0,2,0
bot4,1.0,1000,0.5170,0.4860,0.5478,0.5170,1.0000,55.66,0,30,220,233,0,0,0,0,0,0
