bot,q,trials,success_rate,ci_low,ci_high,mean_ms_per_trial,fail_entered_fire,fail_caught,fail_button_burned,fail_trapped,fail_timeout
bot2,0.05,500,0.9960,0.9855,0.9989,7.38,0,0,2,0,0
bot2,0.1,500,0.9760,0.9585,0.9862,7.67,0,0,5,7,0
bot2,0.15,500,0.9500,0.9272,0.9659,7.20,0,4,10,11,0
bot2,0.2,500,0.9420,0.9179,0.9593,7.35,0,7,11,11,0
bot2,0.3,500,0.8560,0.8225,0.8841,6.86,0,13,30,29,0
bot2,0.4,500,0.8160,0.7797,0.8475,6.87,0,15,36,41,0
bot2,0.5,500,0.7360,0.6957,0.7727,6.10,0,24,41,67,0
bot2,0.6,500,0.6360,0.5929,0.6770,6.19,0,26,67,89,0
bot3,0.05,500,0.9960,0.9855,0.9989,8.39,0,0,2,0,0
bot3,0.1,500,0.9740,0.9560,0.9847,8.78,0,0,6,7,0
bot3,0.15,500,0.9560,0.9343,0.9708,8.21,0,0,9,13,0
bot3,0.2,500,0.9500,0.9272,0.9659,8.36,0,1,13,11,0
bot3,0.3,500,0.8560,0.8225,0.8841,8.03,0,8,35,29,0
bot3,0.4,500,0.8220,0.7861,0.8530,8.06,0,7,41,41,0
bot3,0.5,500,0.7400,0.6998,0.7765,7.40,0,7,53,70,0
bot3,0.6,500,0.6400,0.5970,0.6809,7.55,0,11,75,94,0
"bot4:threshold=0.4,penalty=5",0.05,500,0.9960,0.9855,0.9989,73.27,0,1,1,0,0
"bot4:threshold=0.4,penalty=5",0.1,500,0.9760,0.9585,0.9862,75.89,0,0,5,7,0
"bot4:threshold=0.4,penalty=5",0.15,500,0.9600,0.9390,0.9740,71.59,0,2,9,9,0
"bot4:threshold=0.4,penalty=5",0.2,500,0.9520,0.9296,0.9675,70.32,0,4,10,10,0
"bot4:threshold=0.4,penalty=5",0.3,500,0.8840,0.8530,0.9092,69.43,0,4,28,26,0
"bot4:threshold=0.4,penalty=5",0.4,500,0.8340,0.7989,0.8640,67.87,0,7,38,38,0
"bot4:threshold=0.4,penalty=5",0.5,500,0.7540,0.7144,0.7897,65.31,0,8,50,65,0
"bot4:threshold=0.4,penalty=5",0.6,500,0.6480,0.6052,0.6886,65.49,0,10,76,90,0
"bot4:threshold=0.4,penalty=20",0.05,500,0.9960,0.9855,0.9989,72.22,0,1,1,0,0
"bot4:threshold=0.4,penalty=20",0.1,500,0.9760,0.9585,0.9862,75.77,0,0,5,7,0
"bot4:threshold=0.4,penalty=20",0.15,500,0.9600,0.9390,0.9740,71.60,0,2,9,9,0
"bot4:threshold=0.4,penalty=20",0.2,500,0.9500,0.9272,0.9659,70.91,0,3,11,11,0
"bot4:threshold=0.4,penalty=20",0.3,500,0.8840,0.8530,0.9092,70.39,0,3,29,26,0
"bot4:threshold=0.4,penalty=20",0.4,500,0.8340,0.7989,0.8640,68.54,0,5,40,38,0
"bot4:threshold=0.4,penalty=20",0.5,500,0.7400,0.6998,0.7765,66.91,0,5,55,70,0
"bot4:threshold=0.4,penalty=20",0.6,500,0.6500,0.6072,0.6905,67.01,0,6,77,92,0
"bot4:threshold=0.4,penalty=100",0.05,500,0.9960,0.9855,0.9989,72.14,0,1,1,0,0
"bot4:threshold=0.4,penalty=100",0.1,500,0.9760,0.9585,0.9862,77.96,0,0,5,7,0
"bot4:threshold=0.4,penalty=100",0.15,500,0.9600,0.9390,0.9740,71.17,0,2,9,9,0
"bot4:threshold=0.4,penalty=100",0.2,500,0.9480,0.9249,0.9643,71.67,0,3,12,11,0
"bot4:threshold=0.4,penalty=100",0.3,500,0.8840,0.8530,0.9092,71.45,0,3,29,26,0
"bot4:threshold=0.4,penalty=100",0.4,500,0.8340,0.7989,0.8640,69.00,0,5,40,38,0
"bot4:threshold=0.4,penalty=100",0.5,500,0.7380,0.6977,0.7746,67.36,0,3,56,72,0
"bot4:threshold=0.4,penalty=100",0.6,500,0.6500,0.6072,0.6905,68.23,0,4,79,92,0
"bot4:threshold=0.6,penalty=5",0.05,500,0.9960,0.9855,0.9989,72.98,0,1,1,0,0
"bot4:threshold=0.6,penalty=5",0.1,500,0.9760,0.9585,0.9862,77.30,0,0,5,7,0
"bot4:threshold=0.6,penalty=5",0.15,500,0.9600,0.9390,0.9740,71.16,0,2,9,9,0
"bot4:threshold=0.6,penalty=5",0.2,500,0.9500,0.9272,0.9659,70.26,0,4,11,10,0
"bot4:threshold=0.6,penalty=5",0.3,500,0.8800,0.8486,0.9056,69.13,0,7,27,26,0
"bot4:threshold=0.6,penalty=5",0.4,500,0.8300,0.7946,0.8604,66.60,0,8,40,37,0
"bot4:threshold=0.6,penalty=5",0.5,500,0.7500,0.7102,0.7860,63.46,0,13,46,66,0
"bot4:threshold=0.6,penalty=5",0.6,500,0.6460,0.6031,0.6867,64.37,0,15,76,86,0
"bot4:threshold=0.6,penalty=20",0.05,500,0.9960,0.9855,0.9989,73.05,0,1,1,0,0
"bot4:threshold=0.6,penalty=20",0.1,500,0.9760,0.9585,0.9862,75.57,0,0,5,7,0
"bot4:threshold=0.6,penalty=20",0.15,500,0.9600,0.9390,0.9740,70.76,0,2,9,9,0
"bot4:threshold=0.6,penalty=20",0.2,500,0.9480,0.9249,0.9643,70.04,0,5,10,11,0
"bot4:threshold=0.6,penalty=20",0.3,500,0.8800,0.8486,0.9056,68.72,0,6,29,25,0
"bot4:threshold=0.6,penalty=20",0.4,500,0.8340,0.7989,0.8640,68.04,0,5,40,38,0
"bot4:threshold=0.6,penalty=20",0.5,500,0.7460,0.7061,0.7822,65.17,0,8,53,66,0
"bot4:threshold=0.6,penalty=20",0.6,500,0.6500,0.6072,0.6905,66.19,0,10,78,87,0
"bot4:threshold=0.6,penalty=100",0.05,500,0.9960,0.9855,0.9989,73.49,0,1,1,0,0
"bot4:threshold=0.6,penalty=100",0.1,500,0.9760,0.9585,0.9862,75.17,0,0,5,7,0
"bot4:threshold=0.6,penalty=100",0.15,500,0.9600,0.9390,0.9740,71.78,0,2,9,9,0
"bot4:threshold=0.6,penalty=100",0.2,500,0.9480,0.9249,0.9643,69.96,0,5,10,11,0
"bot4:threshold=0.6,penalty=100",0.3,500,0.8800,0.8486,0.9056,69.41,0,8,28,24,0
"bot4:threshold=0.6,penalty=100",0.4,500,0.8340,0.7989,0.8640,69.40,0,4,40,39,0
"bot4:threshold=0.6,penalty=100",0.5,500,0.7440,0.7040,0.7803,66.05,0,8,53,67,0
"bot4:threshold=0.6,penalty=100",0.6,500,0.6500,0.6072,0.6905,66.44,0,10,78,87,0
"bot4:threshold=0.8,penalty=5",0.05,500,0.9960,0.9855,0.9989,72.91,0,1,1,0,0
"bot4:threshold=0.8,penalty=5",0.1,500,0.9760,0.9585,0.9862,75.35,0,0,5,7,0
"bot4:threshold=0.8,penalty=5",0.15,500,0.9540,0.9319,0.9692,70.52,0,4,9,10,0
"bot4:threshold=0.8,penalty=5",0.2,500,0.9460,0.9226,0.9626,69.54,0,5,11,11,0
"bot4:threshold=0.8,penalty=5",0.3,500,0.8740,0.8420,0.9003,67.41,0,10,26,27,0
"bot4:threshold=0.8,penalty=5",0.4,500,0.8260,0.7903,0.8567,66.40,0,11,39,37,0
"bot4:threshold=0.8,penalty=5",0.5,500,0.7440,0.7040,0.7803,62.42,0,22,41,65,0
"bot4:threshold=0.8,penalty=5",0.6,500,0.6460,0.6031,0.6867,62.95,0,16,75,86,0
"bot4:threshold=0.8,penalty=20",0.05,500,0.9960,0.9855,0.9989,72.72,0,1,1,0,0
"bot4:threshold=0.8,penalty=20",0.1,500,0.9760,0.9585,0.9862,74.45,0,0,5,7,0
"bot4:threshold=0.8,penalty=20",0.15,500,0.9560,0.9343,0.9708,70.00,0,3,9,10,0
"bot4:threshold=0.8,penalty=20",0.2,500,0.9480,0.9249,0.9643,69.87,0,4,11,11,0
"bot4:threshold=0.8,penalty=20",0.3,500,0.8760,0.8442,0.9021,68.49,0,7,28,27,0
"bot4:threshold=0.8,penalty=20",0.4,500,0.8280,0.7925,0.8585,66.38,0,10,38,38,0
"bot4:threshold=0.8,penalty=20",0.5,500,0.7420,0.7019,0.7784,63.30,0,19,41,69,0
"bot4:threshold=0.8,penalty=20",0.6,500,0.6460,0.6031,0.6867,64.48,0,13,75,89,0
"bot4:threshold=0.8,penalty=100",0.05,500,0.9960,0.9855,0.9989,72.28,0,1,1,0,0
"bot4:threshold=0.8,penalty=100",0.1,500,0.9760,0.9585,0.9862,73.57,0,0,5,7,0
"bot4:threshold=0.8,penalty=100",0.15,500,0.9560,0.9343,0.9708,70.14,0,3,9,10,0
"bot4:threshold=0.8,penalty=100",0.2,500,0.9480,0.9249,0.9643,70.79,0,4,11,11,0
"bot4:threshold=0.8,penalty=100",0.3,500,0.8760,0.8442,0.9021,68.67,0,6,29,27,0
"bot4:threshold=0.8,penalty=100",0.4,500,0.8280,0.7925,0.8585,66.57,0,10,38,38,0
"bot4:threshold=0.8,penalty=100",0.5,500,0.7400,0.6998,0.7765,63.16,0,18,43,69,0
"bot4:threshold=0.8,penalty=100",0.6,500,0.6460,0.6031,0.6867,65.25,0,13,75,89,0
bot4:penalty=1000,0.05,500,0.9960,0.9855,0.9989,72.54,0,1,1,0,0
bot4:penalty=1000,0.1,500,0.9760,0.9585,0.9862,74.57,0,0,5,7,0
bot4:penalty=1000,0.15,500,0.9600,0.9390,0.9740,70.93,0,2,9,9,0
bot4:penalty=1000,0.2,500,0.9480,0.9249,0.9643,71.02,0,5,10,11,0
bot4:penalty=1000,0.3,500,0.8800,0.8486,0.9056,69.31,0,8,28,24,0
bot4:penalty=1000,0.4,500,0.8340,0.7989,0.8640,68.44,0,4,40,39,0
bot4:penalty=1000,0.5,500,0.7440,0.7040,0.7803,65.96,0,8,53,67,0
bot4:penalty=1000,0.6,500,0.6500,0.6072,0.6905,66.54,0,10,78,87,0
bot4:lookahead=false,0.05,500,0.9960,0.9855,0.9989,32.83,0,1,1,0,0
bot4:lookahead=false,0.1,500,0.9760,0.9585,0.9862,33.59,0,0,5,7,0
bot4:lookahead=false,0.15,500,0.9520,0.9296,0.9675,30.71,0,4,10,10,0
bot4:lookahead=false,0.2,500,0.9420,0.9179,0.9593,31.24,0,7,11,11,0
bot4:lookahead=false,0.3,500,0.8580,0.8247,0.8859,29.42,0,14,30,27,0
bot4:lookahead=false,0.4,500,0.8180,0.7818,0.8494,28.74,0,15,36,40,0
bot4:lookahead=false,0.5,500,0.7340,0.6936,0.7708,26.02,0,28,42,63,0
bot4:lookahead=false,0.6,500,0.6380,0.5950,0.6789,25.76,0,28,65,88,0
bot4:fire_metric=manhattan,0.05,500,0.9960,0.9855,0.9989,90.94,0,1,1,0,0
bot4:fire_metric=manhattan,0.1,500,0.9760,0.9585,0.9862,94.35,0,0,5,7,0
bot4:fire_metric=manhattan,0.15,500,0.9600,0.9390,0.9740,87.98,0,2,9,9,0
bot4:fire_metric=manhattan,0.2,500,0.9520,0.9296,0.9675,89.27,0,3,10,11,0
bot4:fire_metric=manhattan,0.3,500,0.8800,0.8486,0.9056,87.57,0,4,30,26,0
bot4:fire_metric=manhattan,0.4,500,0.8320,0.7967,0.8622,85.07,0,4,41,39,0
bot4:fire_metric=manhattan,0.5,500,0.7380,0.6977,0.7746,83.38,0,8,53,70,0
bot4:fire_metric=manhattan,0.6,500,0.6440,0.6011,0.6847,83.49,0,10,80,88,0
