trial,Bot 1,Bot 2,Bot 3,Bot 4
0,0.1,0.45,0.45,0.45
1,0.9,0.9,0.9,0.8
2,0.2,0.2,0.45,0.45
3,,,,
4,0.5,0.5,0.5,0.5
5,,,,
6,0.45,0.45,0.45,0.45
7,,,,
8,0.3,0.3,0.3,0.3
9,,,,
10,0.6,0.6,0.6,0.6
11,,,,
12,0.9,0.9,0.9,0.85
13,0.05,0.1,0.1,0.1
14,0.45,0.45,0.45,0.45
15,0.3,0.35,0.35,0.4
16,0.15,0.15,0.15,0.15
17,,,,
18,,,,
19,0.55,0.55,0.55,0.55
20,0.4,0.4,0.4,0.4
21,,,,
22,,,,
23,0.15,0.15,0.15,0.15
24,0.25,0.45,0.45,0.45
25,,,,
26,0.65,0.65,0.65,0.65
27,0.3,0.6,0.6,0.55
28,0.15,0.15,0.2,0.15
29,,,,
30,0.35,0.35,0.35,0.35
31,,,,
32,0.8,0.8,0.8,0.8
33,,,,
34,,,,
35,,,,
36,0.45,0.45,0.45,0.45
37,0.7,0.7,0.7,0.7
38,,,,
39,,,,
40,,,,
41,0.05,0.05,0.05,0.05
42,,,,
43,0.6,0.6,0.6,0.6
44,,,,
45,,,,
46,0.85,0.85,0.85,0.85
47,0.95,0.95,0.95,0.95
48,,,,
49,0.35,0.35,0.35,0.35
50,,,,
51,,,,
52,,,,
53,0.05,0.2,0.2,0.4
54,,,,
55,,,,0.85
56,,,,
57,0.55,0.55,0.55,0.55
58,,,,
59,,,,0.9
60,,,,
61,0.9,0.9,0.9,0.9
62,,,,
63,,,,
64,,,,
65,,,,
66,0.15,0.15,0.15,0.15
67,0.4,0.4,0.4,0.4
68,,,,
69,,,,
70,0.25,0.25,0.5,0.5
71,0.7,0.7,0.7,0.7
72,0.2,0.2,0.2,0.2
73,0.3,0.3,0.3,0.3
74,0.05,0.3,0.3,0.3
75,,,,
76,1.0,1.0,1.0,1.0
77,0.65,0.65,0.65,0.85
78,,,,
79,0.3,0.3,0.4,0.45
80,,,,
81,,,,
82,0.2,0.2,0.2,0.2
83,0.1,0.1,0.1,0.1
84,,,,
85,0.35,0.35,0.35,0.35
86,,,,
87,0.05,0.1,0.1,0.1
88,,,,
89,,,,
90,,,,
91,,,,
92,0.4,0.4,0.4,0.4
93,,,,
94,0.45,0.45,0.45,0.45
95,0.7,0.7,0.7,0.7
96,0.5,0.5,0.5,0.5
97,,,,
98,0.95,0.95,0.95,0.8
99,,,,
100,,,,
101,,,,
102,,,,0.8
103,0.9,0.9,0.9,0.9
104,,,,
105,,,,
106,0.35,0.35,0.5,0.5
107,0.6,0.6,0.6,0.6
108,0.95,0.95,0.95,0.95
109,,,,
110,0.25,0.4,0.5,0.5
111,0.75,0.75,0.75,0.75
112,0.7,0.7,0.7,0.7
113,,,,0.95
114,,,,
115,0.15,0.15,0.15,0.15
116,0.2,0.2,0.25,0.25
117,0.45,0.45,0.45,0.45
118,,,,
119,1.0,1.0,1.0,0.9
120,,,,
121,,,,
122,,,,
123,0.55,0.55,0.55,0.55
124,0.9,0.9,0.9,0.9
125,0.3,0.3,0.3,0.3
126,0.05,0.1,0.1,0.1
127,0.1,0.2,0.15,0.15
128,0.45,0.45,0.45,0.45
129,,,,
130,,,,
131,0.15,0.45,0.6,0.7
132,0.9,0.9,0.9,0.75
133,,,,
134,,,,
135,,,,
136,,,,
137,,,,
138,0.55,0.55,0.55,0.55
139,,,,
140,,,,
141,,,,
142,,,,
143,0.75,0.75,0.7,0.8
144,,,,
145,0.5,0.5,0.5,0.75
146,,,,
147,,,,
148,,,,
149,0.15,0.3,0.3,0.3
150,,,,
151,,,,
152,0.15,0.45,0.45,0.45
153,,,,
154,0.6,0.6,0.5,0.5
155,,,,
156,0.95,0.95,0.95,0.75
157,,,,
158,0.4,0.4,0.35,0.4
159,,,,
160,,,,
161,0.3,0.3,0.3,0.4
162,0.65,0.65,0.65,0.65
163,,,,
164,,,,
165,0.2,0.25,0.25,0.3
166,0.15,0.15,0.15,0.15
167,,,,
168,,,,
169,,,,
170,0.85,0.85,0.8,0.8
171,,,,0.85
172,0.55,0.55,0.55,0.55
173,0.9,0.9,0.9,0.9
174,,,,
175,,,,
176,0.4,0.4,0.4,0.4
177,,,,
178,,,,
179,0.55,0.55,0.55,0.55
180,0.5,0.55,0.55,0.55
181,,,,
182,,,,
183,,,,
184,,,,
185,0.75,0.75,0.75,0.75
186,,,,
187,,,,
188,,,,
189,0.75,0.75,0.75,0.75
190,,,,
191,0.2,0.2,0.2,0.2
192,,,,
193,,,,
194,0.7,0.7,0.7,0.7
195,,,,
196,0.7,0.7,0.7,0.7
197,,,,
198,0.2,0.2,0.2,0.2
199,0.7,0.7,0.7,0.7
