q,Bot 1,Bot 2,Bot 3,Bot 4
0.0,100.0,100.0,100.0,100.0
0.05,97.0,99.5,99.5,99.5
0.1,95.5,97.5,97.5,97.5
0.15,91.0,94.5,94.5,94.0
0.2,88.5,91.0,92.0,92.5
0.25,87.0,90.0,91.5,92.0
0.3,84.0,86.5,88.0,88.5
0.35,82.0,85.5,86.0,88.0
0.4,79.0,81.5,83.0,83.5
0.45,76.5,77.5,79.0,79.0
0.5,74.5,76.0,75.5,77.0
0.55,70.5,71.0,72.0,72.0
0.6,71.0,71.0,70.5,71.0
0.65,68.5,68.5,68.0,70.0
0.7,65.0,65.0,64.5,66.0
0.75,62.0,62.0,62.0,61.5
0.8,62.5,62.5,61.5,59.5
0.85,60.0,60.0,60.0,56.0
0.9,56.0,56.0,56.0,53.0
0.95,54.5,54.5,54.5,52.0
1.0,53.0,53.0,53.0,53.0
