bot,q,trials,success_rate,ci_low,ci_high,clairvoyant_rate
bot1,0,1000,0.9970,0.9912,0.9990,0.9970
bot2,0,1000,0.9970,0.9912,0.9990,0.9970
bot3,0,1000,0.9970,0.9912,0.9990,0.9970
bot4,0,1000,0.9970,0.9912,0.9990,0.9970
bot1,0.05,1000,0.9700,0.9575,0.9789,0.9940
bot2,0.05,1000,0.9940,0.9870,0.9972,0.9940
bot3,0.05,1000,0.9940,0.9870,0.9972,0.9940
bot4,0.05,1000,0.9940,0.9870,0.9972,0.9940
bot1,0.1,3000,0.9367,0.9274,0.9448,0.9763
bot2,0.1,3000,0.9703,0.9636,0.9758,0.9763
bot3,0.1,3000,0.9750,0.9688,0.9800,0.9763
bot4,0.1,3000,0.9733,0.9669,0.9785,0.9763
bot1,0.125,3000,0.9247,0.9147,0.9336,0.9750
bot2,0.125,3000,0.9667,0.9596,0.9725,0.9750
bot3,0.125,3000,0.9720,0.9655,0.9773,0.9750
bot4,0.125,3000,0.9670,0.9600,0.9728,0.9750
bot1,0.15,3000,0.9157,0.9052,0.9251,0.9670
bot2,0.15,3000,0.9577,0.9499,0.9643,0.9670
bot3,0.15,3000,0.9613,0.9538,0.9677,0.9670
bot4,0.15,3000,0.9600,0.9524,0.9664,0.9670
bot1,0.175,3000,0.8927,0.8811,0.9032,0.9497
bot2,0.175,3000,0.9383,0.9292,0.9464,0.9497
bot3,0.175,3000,0.9407,0.9316,0.9486,0.9497
bot4,0.175,3000,0.9417,0.9327,0.9495,0.9497
bot1,0.2,3000,0.8920,0.8804,0.9026,0.9480
bot2,0.2,3000,0.9347,0.9253,0.9430,0.9480
bot3,0.2,3000,0.9363,0.9270,0.9445,0.9480
bot4,0.2,3000,0.9383,0.9292,0.9464,0.9480
bot1,0.225,3000,0.8840,0.8720,0.8950,0.9297
bot2,0.225,3000,0.9147,0.9041,0.9241,0.9297
bot3,0.225,3000,0.9193,0.9090,0.9286,0.9297
bot4,0.225,3000,0.9220,0.9119,0.9311,0.9297
bot1,0.25,3000,0.8503,0.8371,0.8627,0.9147
bot2,0.25,3000,0.8900,0.8783,0.9007,0.9147
bot3,0.25,3000,0.8960,0.8846,0.9064,0.9147
bot4,0.25,3000,0.8993,0.8881,0.9096,0.9147
bot1,0.275,3000,0.8407,0.8271,0.8533,0.9027
bot2,0.275,3000,0.8783,0.8661,0.8895,0.9027
bot3,0.275,3000,0.8853,0.8734,0.8962,0.9027
bot4,0.275,3000,0.8867,0.8748,0.8975,0.9027
bot1,0.3,3000,0.8300,0.8161,0.8430,0.8910
bot2,0.3,3000,0.8650,0.8523,0.8768,0.8910
bot3,0.3,3000,0.8717,0.8592,0.8832,0.8910
bot4,0.3,3000,0.8790,0.8668,0.8902,0.8910
bot1,0.325,3000,0.8213,0.8072,0.8346,0.8803
bot2,0.325,3000,0.8507,0.8375,0.8630,0.8803
bot3,0.325,3000,0.8563,0.8433,0.8684,0.8803
bot4,0.325,3000,0.8650,0.8523,0.8768,0.8803
bot1,0.35,3000,0.7923,0.7774,0.8065,0.8487
bot2,0.35,3000,0.8203,0.8062,0.8337,0.8487
bot3,0.35,3000,0.8253,0.8113,0.8385,0.8487
bot4,0.35,3000,0.8330,0.8192,0.8459,0.8487
bot1,0.375,3000,0.7933,0.7785,0.8074,0.8403
bot2,0.375,3000,0.8153,0.8010,0.8288,0.8403
bot3,0.375,3000,0.8163,0.8021,0.8298,0.8403
bot4,0.375,3000,0.8313,0.8175,0.8443,0.8403
bot1,0.4,3000,0.7607,0.7451,0.7756,0.8093
bot2,0.4,3000,0.7833,0.7682,0.7977,0.8093
bot3,0.4,3000,0.7847,0.7696,0.7990,0.8093
bot4,0.4,3000,0.7943,0.7795,0.8084,0.8093
bot1,0.425,3000,0.7563,0.7406,0.7714,0.8023
bot2,0.425,3000,0.7730,0.7577,0.7876,0.8023
bot3,0.425,3000,0.7757,0.7604,0.7902,0.8023
bot4,0.425,3000,0.7893,0.7744,0.8036,0.8023
bot1,0.45,3000,0.7523,0.7366,0.7675,0.7910
bot2,0.45,3000,0.7623,0.7468,0.7772,0.7910
bot3,0.45,3000,0.7657,0.7502,0.7805,0.7910
bot4,0.45,3000,0.7780,0.7628,0.7925,0.7910
bot1,0.475,3000,0.7300,0.7138,0.7456,0.7697
bot2,0.475,3000,0.7433,0.7274,0.7586,0.7697
bot3,0.475,3000,0.7453,0.7294,0.7606,0.7697
bot4,0.475,3000,0.7570,0.7413,0.7720,0.7697
bot1,0.5,3000,0.7157,0.6993,0.7315,0.7477
bot2,0.5,3000,0.7250,0.7087,0.7407,0.7477
bot3,0.5,3000,0.7263,0.7101,0.7420,0.7477
bot4,0.5,3000,0.7387,0.7226,0.7541,0.7477
bot1,0.525,3000,0.7097,0.6932,0.7256,0.7420
bot2,0.525,3000,0.7187,0.7023,0.7345,0.7420
bot3,0.525,3000,0.7230,0.7067,0.7387,0.7420
bot4,0.525,3000,0.7337,0.7176,0.7492,0.7420
bot1,0.55,3000,0.6860,0.6692,0.7024,0.7150
bot2,0.55,3000,0.6927,0.6759,0.7089,0.7150
bot3,0.55,3000,0.6930,0.6763,0.7093,0.7150
bot4,0.55,3000,0.7047,0.6881,0.7207,0.7150
bot1,0.575,3000,0.6803,0.6634,0.6968,0.7053
bot2,0.575,3000,0.6850,0.6681,0.7014,0.7053
bot3,0.575,3000,0.6847,0.6678,0.7010,0.7053
bot4,0.575,3000,0.6943,0.6776,0.7106,0.7053
bot1,0.6,3000,0.6527,0.6354,0.6695,0.6750
bot2,0.6,3000,0.6590,0.6418,0.6758,0.6750
bot3,0.6,3000,0.6593,0.6422,0.6761,0.6750
bot4,0.6,3000,0.6650,0.6479,0.6817,0.6750
bot1,0.625,3000,0.6580,0.6408,0.6748,0.6783
bot2,0.625,3000,0.6610,0.6439,0.6777,0.6783
bot3,0.625,3000,0.6617,0.6445,0.6784,0.6783
bot4,0.625,3000,0.6700,0.6530,0.6866,0.6783
bot1,0.65,3000,0.6423,0.6250,0.6593,0.6620
bot2,0.65,3000,0.6457,0.6284,0.6626,0.6620
bot3,0.65,3000,0.6437,0.6264,0.6606,0.6620
bot4,0.65,3000,0.6527,0.6354,0.6695,0.6620
bot1,0.675,3000,0.6297,0.6122,0.6468,0.6433
bot2,0.675,3000,0.6313,0.6139,0.6484,0.6433
bot3,0.675,3000,0.6323,0.6149,0.6494,0.6433
bot4,0.675,3000,0.6330,0.6156,0.6501,0.6433
bot1,0.7,3000,0.6160,0.5985,0.6332,0.6293
bot2,0.7,3000,0.6180,0.6005,0.6352,0.6293
bot3,0.7,3000,0.6187,0.6011,0.6359,0.6293
bot4,0.7,3000,0.6210,0.6035,0.6382,0.6293
bot1,0.75,1000,0.5840,0.5532,0.6142,0.5950
bot2,0.75,1000,0.5890,0.5582,0.6191,0.5950
bot3,0.75,1000,0.5910,0.5602,0.6211,0.5950
bot4,0.75,1000,0.5860,0.5552,0.6161,0.5950
bot1,0.8,1000,0.5740,0.5431,0.6043,0.5850
bot2,0.8,1000,0.5760,0.5451,0.6063,0.5850
bot3,0.8,1000,0.5770,0.5461,0.6073,0.5850
bot4,0.8,1000,0.5810,0.5502,0.6112,0.5850
bot1,0.85,1000,0.5280,0.4970,0.5588,0.5330
bot2,0.85,1000,0.5280,0.4970,0.5588,0.5330
bot3,0.85,1000,0.5280,0.4970,0.5588,0.5330
bot4,0.85,1000,0.5300,0.4990,0.5608,0.5330
bot1,0.9,1000,0.5200,0.4890,0.5508,0.5230
bot2,0.9,1000,0.5200,0.4890,0.5508,0.5230
bot3,0.9,1000,0.5200,0.4890,0.5508,0.5230
bot4,0.9,1000,0.5190,0.4880,0.5498,0.5230
bot1,0.95,1000,0.5310,0.5000,0.5618,0.5310
bot2,0.95,1000,0.5310,0.5000,0.5618,0.5310
bot3,0.95,1000,0.5310,0.5000,0.5618,0.5310
bot4,0.95,1000,0.5300,0.4990,0.5608,0.5310
bot1,1,1000,0.5120,0.4810,0.5429,0.5130
bot2,1,1000,0.5120,0.4810,0.5429,0.5130
bot3,1,1000,0.5120,0.4810,0.5429,0.5130
bot4,1,1000,0.5130,0.4820,0.5439,0.5130
